問題文,選択肢1,選択肢2,選択肢3,選択肢4,正解番号(0-3),カテゴリー(パーティ/歴史/マインクラフト/F1),難易度(1-5)
2002年ソルトレークシティオリンピックのテーマ（キャッチフレーズ）は何でしたか？,One World One Dream,Light the Fire Within,Passion lives here,Hot. Cool. Yours.,1,冬季五輪,2
2002年ソルトレークシティ五輪のスピードスケート男子500mで銀メダルを獲得した日本人選手は誰ですか？,清水宏保,武田豊樹,加藤条治,長島圭一郎,0,冬季五輪,2
2002年ソルトレークシティ五輪のショートトラック男子1000m決勝で、先行選手が転倒し、南半球勢として初の金メダルを獲得した選手は誰ですか？,アポロ・アントン・オーノ,スティーブン・ブラッドバリー,キム・ドンソン,寺尾悟,1,冬季五輪,3
2002年ソルトレークシティ五輪のスキー・フリースタイル女子モーグルで銅メダルを獲得した選手は誰ですか？,上村愛子,里谷多英,伊藤みき,村田愛里咲,1,冬季五輪,2
2002年ソルトレークシティ五輪の開会式で、開会宣言を行った人物は誰ですか？,ビル・クリントン,ジョージ・W・ブッシュ,バラク・オバマ,ドナルド・トランプ,1,冬季五輪,3
2002年ソルトレークシティ五輪のフィギュアスケート女子シングルで5位に入賞した日本人選手は誰ですか？,荒川静香,恩田美栄,村主章枝,安藤美姫,2,冬季五輪,4
2006年トリノ五輪のフィギュアスケート女子シングルで金メダルを獲得した選手は誰ですか？,村主章枝,安藤美姫,荒川静香,浅田真央,2,冬季五輪,1
2006年トリノ五輪の開会式で、最後に「誰も寝てはならぬ」を歌った世界的なテノール歌手は誰ですか？,プラシド・ドミンゴ,ホセ・カレーラス,ルチアーノ・パヴァロッティ,アンドレア・ボチェッリ,2,冬季五輪,3
2006年トリノ五輪で、日本選手団が獲得した唯一のメダルは何色でしたか？,金,銀,銅,なし,0,冬季五輪,2
2006年トリノ五輪のスキー・フリースタイル女子モーグルで、上村愛子は何位に入賞しましたか？,3位,4位,5位,6位,2,冬季五輪,4
2006年トリノ五輪のカーリング女子日本代表の最終順位は何位でしたか？,5位,6位,7位,8位,2,冬季五輪,5
2010年バンクーバー五輪の開会式が行われた会場の特徴として正しいものはどれですか？,五輪史上初の屋内開催,五輪史上初の水上開催,五輪史上初の山頂開催,五輪史上初の無観客開催,0,冬季五輪,3
2010年バンクーバー五輪のフィギュアスケート女子シングルで銀メダルを獲得した選手は誰ですか？,キム・ヨナ,浅田真央,ジョアニー・ロシェット,安藤美姫,1,冬季五輪,1
2010年バンクーバー五輪のフィギュアスケート男子シングルで銅メダルを獲得した選手は誰ですか？,織田信成,小塚崇彦,髙橋大輔,羽生結弦,2,冬季五輪,2
2010年バンクーバー五輪のスピードスケート男子500mで銀メダルを獲得した選手は誰ですか？,加藤条治,長島圭一郎,及川佑,太田明生,1,冬季五輪,3
2010年バンクーバー五輪のスピードスケート女子チームパシュートで、日本が獲得したメダルの色は？,金,銀,銅,なし,1,冬季五輪,3
2010年バンクーバー五輪の開会式での聖火点灯時、トラブルにより発生した事象はどれですか？,聖火が消えてしまった,聖火台の柱が1本上がらなかった,聖火ランナーが転倒した,点火装置が作動しなかった,1,冬季五輪,4
2014年ソチ五輪のフィギュアスケート男子シングルで金メダルを獲得した選手は誰ですか？,パトリック・チャン,デニス・テン,羽生結弦,髙橋大輔,2,冬季五輪,1
2014年ソチ五輪のスキージャンプ男子ラージヒル個人で銀メダルを獲得した、当時41歳の選手は誰ですか？,伊東大貴,竹内択,葛西紀明,清水礼留飛,2,冬季五輪,2
2014年ソチ五輪のスノーボード男子ハーフパイプで銀メダルを獲得した選手は誰ですか？,平野歩夢,平岡卓,ショーン・ホワイト,ユーリ・ポドラドチコフ,0,冬季五輪,2
2014年ソチ五輪から新たに採用された種目は次のうちどれですか？,カーリング混合ダブルス,スキージャンプ女子,スノーボードビッグエア,スピードスケートマススタート,1,冬季五輪,3
2014年ソチ五輪のフィギュアスケート女子シングルで、浅田真央は何位に入賞しましたか？,3位,4位,5位,6位,3,冬季五輪,4
2014年ソチ五輪のスキー・ノルディック複合ノーマルヒル個人で銀メダルを獲得した選手は誰ですか？,渡部暁斗,永井秀昭,加藤大平,湊祐介,0,冬季五輪,3
2018年平昌五輪のスピードスケート女子500mで金メダルを獲得した選手は誰ですか？,小平奈緒,李相花,髙木美帆,郷亜里砂,0,冬季五輪,1
2018年平昌五輪のフィギュアスケート男子シングルで66年ぶりの連覇を達成した選手は誰ですか？,宇野昌磨,ハビエル・フェルナンデス,羽生結弦,ネイサン・チェン,2,冬季五輪,1
2018年平昌五輪のスピードスケート女子チームパシュートで、日本が獲得したメダルの色は？,金,銀,銅,なし,0,冬季五輪,2
2018年平昌五輪のカーリング女子で銅メダルを獲得した日本代表チームの愛称は？,フォルティウス,チーム青森,ロコ・ソラーレ,北海道銀行,2,冬季五輪,2
2018年平昌五輪のアルペンスキーとスノーボードの両方で金メダルを獲得するという史上初の快挙を成し遂げた選手は誰ですか？,ミカエラ・シフリン,リンゼイ・ボン,エステル・レデツカ,アンナ・ガッサー,2,冬季五輪,4
2018年平昌五輪のスピードスケート女子マススタートで初代女王に輝いた日本人選手は誰ですか？,佐藤綾乃,髙木美帆,髙木菜那,菊池彩花,2,冬季五輪,3
2018年平昌五輪で日本選手団が獲得したメダル総数は過去最多（当時）の何個でしたか？,10個,11個,12個,13個,3,冬季五輪,4
2018年平昌五輪の開会式で、極寒の中、上半身裸の民族衣装で登場し注目を集めたのはどこの国の旗手ですか？,ジャマイカ,バミューダ,トンガ,ナイジェリア,2,冬季五輪,3
2022年北京五輪の開催都市である北京が、オリンピック史上初めて達成したことは何ですか？,夏冬両季の開催,3大会連続の開催,南半球での開催,2年連続の開催,0,冬季五輪,2
2022年北京五輪のスノーボード男子ハーフパイプで金メダルを獲得した選手は誰ですか？,スコッティ・ジェームズ,ショーン・ホワイト,平野歩夢,戸塚優斗,2,冬季五輪,1
2022年北京五輪のスキージャンプ男子ノーマルヒル個人で金メダルを獲得した選手は誰ですか？,小林陵侑,佐藤幸椰,中村直幹,小林潤志郎,0,冬季五輪,2
2022年北京五輪のスピードスケート女子1000mで金メダルを獲得した選手は誰ですか？,小平奈緒,髙木美帆,佐藤綾乃,郷亜里砂,1,冬季五輪,2
2022年北京五輪のカーリング女子で、日本代表（ロコ・ソラーレ）は何色のメダルを獲得しましたか？,金,銀,銅,なし,1,冬季五輪,2
2022年北京五輪のフィギュアスケート男子シングルで、4位に入賞した選手は誰ですか？,鍵山優真,宇野昌磨,ネイサン・チェン,羽生結弦,3,冬季五輪,3
2022年北京五輪の大会マスコットの名前は何ですか？,スホラン,ビンドゥンドゥン,シュエ・ロンロン,ミライトワ,1,冬季五輪,2
2022年北京五輪のスローガンは「ともに未来へ！」ですが、中国語ではどう表記されますか？,北京歓迎你,同一个世界 同一个梦想,一起向未来,冰墩墩,2,冬季五輪,4
2022年北京五輪で日本選手団が獲得したメダルの総数は何個でしたか？,13個,16個,18個,20個,2,冬季五輪,3
2018年平昌五輪のアイスホッケー女子で、南北合同チームが結成されましたが、そのきっかけとなった北朝鮮の最高指導者の新年の辞があったのはいつですか？,2017年9月,2017年12月,2018年1月,2018年2月,2,冬季五輪,5
2014年ソチ五輪のフィギュアスケート団体で、日本は何位に入賞しましたか？,3位,4位,5位,6位,2,冬季五輪,4
2010年バンクーバー五輪の男子スピードスケート500mで銅メダルを獲得したのは誰ですか？,長島圭一郎,加藤条治,及川佑,太田明生,1,冬季五輪,3
2006年トリノ五輪のフィギュアスケート女子シングルで、4位に入賞した日本人選手は誰ですか？,安藤美姫,荒川静香,村主章枝,浅田真央,2,冬季五輪,3
2002年ソルトレークシティ五輪のスピードスケート男子500mの金メダリスト、ケーシー・フィッツランドルフに持ち上がった疑惑は何ですか？,ドーピング疑惑,フライング疑惑,妨害行為疑惑,年齢詐称疑惑,1,冬季五輪,4
2022年北京五輪のノルディック複合ラージヒル個人で銅メダルを獲得した選手は誰ですか？,渡部暁斗,渡部善斗,永井秀昭,山本涼太,0,冬季五輪,3
2018年平昌五輪のフィギュアスケート女子シングルで4位に入賞した日本人選手は誰ですか？,坂本花織,宮原知子,三原舞依,樋口新葉,1,冬季五輪,4
2014年ソチ五輪のスキー・スノーボード女子パラレル大回転で銀メダルを獲得したのは誰ですか？,竹内智香,家根谷依里,黒田愛美,岩渕麗楽,0,冬季五輪,3
2010年バンクーバー五輪のスキー・フリースタイル女子モーグルで、上村愛子は何位に入賞しましたか？,2位,3位,4位,5位,2,冬季五輪,3
2002年ソルトレークシティ五輪は、当時の冬季五輪開催地としてどのような特徴がありましたか？,最も北にある,最も南にある,最も標高が高い,最も海に近い,2,冬季五輪,4
2002年ソルトレークシティ五輪の開会式で、開会宣言を行った人物が、宣言の前に付け加えたことで物議を醸した言葉は？,世界に平和を,心に火を灯せ,誇り高く優雅なこの国を代表して,神の御加護を,2,冬季五輪,4
2002年ソルトレークシティ五輪のテーマ（キャッチフレーズ）は？,Hot. Cool. Yours.,Light the Fire Within.,Passion lives here.,One World One Dream,1,冬季五輪,3
2002年ソルトレークシティ五輪の開会式で、最終聖火ランナーとして点火を行ったのは？,1980年アイスホッケーアメリカ代表,マイケル・ジョーダン,モハメド・アリ,アポロ・アントン・オーノ,0,冬季五輪,3
2002年ソルトレークシティ五輪で、日本選手団が獲得した金メダルの数は？,0個,1個,2個,5個,0,冬季五輪,3
2002年ソルトレークシティ五輪のスピードスケート男子10000mで4位入賞した選手は？,白幡圭史,清水宏保,平子裕基,野明弘幸,0,冬季五輪,5
2006年トリノ五輪の開会式で、日本の入場順を決める際に使用された言語は？,英語,フランス語,イタリア語,ギリシャ語,2,冬季五輪,3
2006年トリノ五輪の開会式で、日本選手団はどの国の次に入場したか？,アメリカ,イタリア,ドイツ,韓国,2,冬季五輪,4
2006年トリノ五輪の男子アルペンスキー回転で、4位入賞を果たした日本人選手は？,皆川賢太郎,湯浅直樹,佐々木明,木村公宣,0,冬季五輪,4
2006年トリノ五輪の女子チームパシュートで、日本チーム（田畑、石野、大津、根本、妹尾）は何位だったか？,金メダル,銀メダル,銅メダル,4位,3,冬季五輪,4
2006年トリノ五輪のマスコット「ネーヴェ」のモチーフは？,雪,氷,山,星,0,冬季五輪,2
2010年バンクーバー五輪のメダルのデザイン的特徴として正しいものは？,全て同じデザイン,全てデザインが異なる,純金で作られている,ドーナツ型である,1,冬季五輪,3
2010年バンクーバー五輪の開会式で、聖火点灯の際に起きたトラブルは？,聖火が点かなかった,聖火ランナーが転倒した,4本の柱のうち1本が上がらなかった,聖火台が倒れた,2,冬季五輪,3
2010年バンクーバー五輪のスピードスケート男子500mで、銅メダルを獲得した選手は？,長島圭一郎,加藤条治,及川佑,太田明生,1,冬季五輪,3
2010年バンクーバー五輪のフィギュアスケート男子シングルで、髙橋大輔が獲得したメダルの色は？,金,銀,銅,なし,2,冬季五輪,2
2010年バンクーバー五輪のマスコットで、バンクーバーマーモットをモチーフにした「サイドキック（応援団）」キャラクターは？,ミーガ,クワッチ,スーミ,ムクムク,3,冬季五輪,4
2014年ソチ五輪から正式種目として採用されたのは？,フィギュアスケート団体,カーリング混合ダブルス,スノーボードビッグエア,スピードスケートマススタート,0,冬季五輪,3
2014年ソチ五輪のフィギュアスケート男子シングルで、銀メダルを獲得した選手は？,パトリック・チャン,デニス・テン,髙橋大輔,町田樹,0,冬季五輪,3
2014年ソチ五輪のスキージャンプ男子ラージヒル団体で、日本（清水、竹内、伊東、葛西）が獲得したメダルの色は？,金,銀,銅,なし,2,冬季五輪,3
2014年ソチ五輪のマスコットに含まれない動物は？,ユキヒョウ,ホッキョクグマ,ノウサギ,トラ,3,冬季五輪,2
2014年ソチ五輪の開催費用について、当時として史上最高額となった要因の一つは？,インフラ整備,セキュリティ費用,選手の移動費,広告宣伝費,0,冬季五輪,4
2018年平昌五輪の開会式で、日本選手団の旗手入場時の紹介でNBCが発言し、後に謝罪した内容は？,日本の植民地支配を肯定するような発言,日本選手の過去のドーピング疑惑,日本の経済低迷について,日本の選手団が少なすぎること,0,冬季五輪,4
2018年平昌五輪のスピードスケート女子チームパシュートで、日本が金メダルを獲得した際の記録は？,世界新記録,五輪新記録,日本新記録,リンク新記録,1,冬季五輪,3
2018年平昌五輪のフィギュアスケート男子シングルで、銀メダルを獲得し羽生結弦とワンツーフィニッシュを飾った選手は？,宇野昌磨,田中刑事,ハビエル・フェルナンデス,ネイサン・チェン,0,冬季五輪,1
2018年平昌五輪のカーリング女子日本代表（ロコ・ソラーレ）が獲得したメダルの色は？,金,銀,銅,なし,2,冬季五輪,2
2018年平昌五輪で、日本のメダル獲得総数はいくつだったか？,11個,13個,15個,18個,1,冬季五輪,4
2018年平昌五輪の開会式で、北朝鮮と韓国の選手団が入場した際の旗は？,韓国国旗,北朝鮮国旗,オリンピック旗,統一旗,3,冬季五輪,2
2018年平昌五輪のスピードスケート女子500mで、小平奈緒に敗れ銀メダルとなった韓国の選手は？,李相花,金ボルム,朴勝羲,沈錫希,0,冬季五輪,2
2022年北京五輪は、オリンピック史上初めてどのような都市での開催となったか？,夏冬両大会を開催した都市,2大会連続で開催した都市,南半球で開催した都市,無観客で開催した都市,0,冬季五輪,2
2022年北京五輪のスローガンは？,One World One Dream,Passion. Connected.,Together for a Shared Future,Hot. Cool. Yours.,2,冬季五輪,3
2022年北京五輪の開会式の総監督を務めた映画監督は？,チャン・イーモウ（張芸謀）,アン・リー（李安）,チェン・カイコー（陳凱歌）,ウォン・カーウァイ（王家衛）,0,冬季五輪,3
2022年北京五輪のスキージャンプ男子ノーマルヒルで金メダルを獲得した小林陵侑の、ラージヒルでの成績は？,金メダル,銀メダル,銅メダル,4位,1,冬季五輪,3
2022年北京五輪のフィギュアスケート男子シングルで、銀メダルを獲得した日本人選手は？,宇野昌磨,羽生結弦,鍵山優真,友野一希,2,冬季五輪,2
2022年北京五輪のスピードスケート女子1000mで金メダルを獲得した髙木美帆が、この大会で獲得したメダルの総数は？,2個,3個,4個,5個,2,冬季五輪,3
2022年北京五輪のカーリング女子決勝で、日本（ロコ・ソラーレ）が敗れた相手国は？,カナダ,スウェーデン,イギリス,スイス,2,冬季五輪,3
2022年北京五輪に対し、アメリカやイギリスなどが表明した「外交的ボイコット」とはどういう意味か？,選手団を派遣しない,政府代表者を派遣しない,スポンサーを撤退させる,テレビ中継を行わない,1,冬季五輪,2
2002年ソルトレークシティ五輪のショートトラック男子1000mで、不可解な判定により失格となった日本人選手は？,西谷岳文,寺尾悟,植松仁,田村直也,1,冬季五輪,4
2006年トリノ五輪の女子フィギュアスケートで、金メダルを獲得した荒川静香が得意とした技「イナバウアー」は、本来何を指すか？,背中を反る姿勢,足を前後に開いて滑る技,3回転ジャンプの一種,スピンの一種,1,冬季五輪,3
2010年バンクーバー五輪の男子フィギュアスケートで、4回転ジャンプを回避して金メダルを獲得し、論争を呼んだ選手は？,エフゲニー・プルシェンコ,エヴァン・ライサチェク,ステファン・ランビエール,ブライアン・ジュベール,1,冬季五輪,4
2014年ソチ五輪のフィギュアスケート団体戦で、日本は何位だったか？,3位,4位,5位,6位,2,冬季五輪,4
2018年平昌五輪のスキージャンプ女子ノーマルヒルで、銅メダルを獲得した選手は？,髙梨沙羅,伊藤有希,岩渕香里,勢藤優花,0,冬季五輪,2
2018年平昌五輪のアルペンスキーとスノーボードの2競技で金メダルを獲得したエステル・レデツカの国籍は？,オーストリア,スイス,チェコ,スロバキア,2,冬季五輪,4
2022年北京五輪のスノーボード女子ビッグエアで、銅メダルを獲得した村瀬心椛の当時の年齢に関する記録は？,冬季五輪日本女子最年少メダリスト,冬季五輪日本女子最年長メダリスト,スノーボード史上最年少メダリスト,日本人初の10代メダリスト,0,冬季五輪,3
2022年北京五輪のスキージャンプ混合団体で、高梨沙羅を含む複数選手が失格となった理由は？,フライング,重量オーバー,スーツの規定違反,スキー板の長さ違反,2,冬季五輪,2
2014年ソチ五輪の開会式が行われたスタジアムの名前は？,ボリショイ・アイス・ドーム,フィシュト・オリンピック・スタジアム,アイスバーグ・スケーティング・パレス,アドレル・アリーナ,1,冬季五輪,4
2010年バンクーバー五輪の女子モーグルで4位入賞した日本選手は？,里谷多英,村田愛里咲,伊藤みき,上村愛子,3,冬季五輪,3
2006年トリノ五輪のスピードスケート女子500mで4位入賞した選手は？,大菅小百合,岡崎朋美,吉井小百合,新谷志保美,1,冬季五輪,4
2002年ソルトレークシティ五輪のフィギュアスケート男子シングルで4位入賞した選手は？,本田武史,田村岳斗,竹内洋輔,髙橋大輔,0,冬季五輪,4
2022年北京五輪のフィギュアスケート団体で、日本が獲得したメダルの色は？（暫定順位含む）,金,銀,銅,なし,1,冬季五輪,3
2018年平昌五輪のスピードスケート女子マススタートで、初代女王となった日本人選手は？,佐藤綾乃,髙木美帆,髙木菜那,菊池彩花,2,冬季五輪,2
2022年北京五輪のマスコット「ビンドゥンドゥン」のモチーフとなった動物は？,トラ,パンダ,ウサギ,サル,1,冬季五輪,1
2022年北京五輪のマスコット「ビンドゥンドゥン」に関して、大会期間中に起きたハプニングは？,着ぐるみが転倒して起き上がれなくなった,着ぐるみの中から男性の声が聞こえた,着ぐるみの色が変色した,着ぐるみが紛失した,1,冬季五輪,5
2018年平昌五輪のカーリング女子3位決定戦で、日本（ロコ・ソラーレ）が勝利し銅メダルを獲得した相手国は？,スウェーデン,カナダ,イギリス,スイス,2,冬季五輪,3
2014年ソチ五輪のスキージャンプ男子ラージヒル個人で、葛西紀明が獲得したメダルの色は？,金,銀,銅,なし,1,冬季五輪,2
2010年バンクーバー五輪のメダル製造に関する特徴として正しいものは？,全て同じデザインで作られた,リサイクル金属（電子廃棄物）から作られた,純金のみで作られた,中心に穴が開いている,1,冬季五輪,4
2006年トリノ五輪のフィギュアスケート女子シングルで、金メダルを獲得した荒川静香が得点源とした技ではないものは？,イナバウアー,スピン,スパイラル,3回転アクセル,3,冬季五輪,3
2002年ソルトレークシティ五輪のスピードスケート男子500mで銀メダルを獲得した清水宏保の、当時の前回大会（長野）での成績は？,金メダル,銀メダル,銅メダル,4位,0,冬季五輪,2
2022年北京五輪のスピードスケート女子1500mで銀メダルを獲得した選手は？,髙木菜那,佐藤綾乃,髙木美帆,押切美沙紀,2,冬季五輪,2
2018年平昌五輪のフィギュアスケート男子シングルで、66年ぶりの連覇を達成した羽生結弦と、銀メダルを獲得した宇野昌磨の順位の組み合わせ（ワンツーフィニッシュ）は日本フィギュア界史上どうだったか？,史上初,2回目,3回目,4回目,0,冬季五輪,2
2014年ソチ五輪のフィギュアスケート団体で、日本チームの順位は？,3位,4位,5位,6位,2,冬季五輪,4
2010年バンクーバー五輪の開会式で、最終聖火ランナーの1人であるカトリオナ・ルメイ・ドーンが見舞われたトラブルは？,聖火の火が消えた,聖火台の柱が上がらなかった,トーチを落とした,入場を阻止された,1,冬季五輪,5
2006年トリノ五輪のスピードスケート女子500mで、4位入賞を果たした選手は？,大菅小百合,岡崎朋美,吉井小百合,新谷志保美,1,冬季五輪,5
2002年ソルトレークシティ五輪で、日本選手団が獲得したメダルの合計数は？,2個,5個,10個,13個,0,冬季五輪,3
2022年北京五輪のスキージャンプ男子個人ラージヒルで銀メダルを獲得した選手は？,小林陵侑,佐藤幸椰,小林潤志郎,中村直幹,0,冬季五輪,2
2018年平昌五輪のスピードスケート女子500mで金メダルを獲得し、「氷速女帝」と呼ばれた韓国の李相花（イ・サンファ）の3連覇を阻止した選手は？,小平奈緒,髙木美帆,郷亜里砂,神谷衣理那,0,冬季五輪,1
2014年ソチ五輪から採用された、スキーとスノーボードのコースにある障害物を越えながら滑降する競技は？,スロープスタイル,ビッグエア,パラレル回転,チームパシュート,0,冬季五輪,3
2010年バンクーバー五輪の男子フィギュアスケートで銅メダルを獲得し、日本男子初の表彰台に立った選手は？,織田信成,小塚崇彦,髙橋大輔,本田武史,2,冬季五輪,2
2006年トリノ五輪の開会式で、イタリア国歌を独唱した9歳の少女の名前は？,エレオノラ・ヴェネッチー,サラ・ブライトマン,マリア・カラス,セシリア・バルトリ,0,冬季五輪,5
2002年ソルトレークシティ五輪のフィギュアスケート女子シングルで、村主章枝は何位に入賞したか？,3位,4位,5位,6位,2,冬季五輪,4
2022年北京五輪のフィギュアスケート団体で、日本が獲得したメダルの色（暫定含む）は？,金,銀,銅,なし,2,冬季五輪,3
2018年平昌五輪のスキージャンプ女子ノーマルヒルで、銅メダルを獲得した選手は？,伊藤有希,髙梨沙羅,勢藤優花,岩渕香里,1,冬季五輪,2
2014年ソチ五輪の開催にかかった費用について、当時のオリンピック史上どのような記録となったか？,史上最安,史上最高額（約510億ドル以上）,平均的,夏季五輪より安かった,1,冬季五輪,3
2010年バンクーバー五輪のフィギュアスケート女子シングルで、銀メダルを獲得した浅田真央がフリープログラムで跳んだトリプルアクセルの回数は？,1回,2回,3回,4回,1,冬季五輪,3
2006年トリノ五輪男子カーリングで、日本代表チームの結果はどうだったか？,7位入賞,予選敗退,出場していない,金メダル,2,冬季五輪,4
2002年ソルトレークシティ五輪の会場の一つ、パークシティで行われた競技は？,フィギュアスケート,アイスホッケー,スキージャンプ,スピードスケート,2,冬季五輪,5
2022年北京五輪のスノーボード男子ハーフパイプで、平野歩夢が成功させた超高難度の大技は？,トリプルコーク1440,ダブルコーク1440,バックサイドエア,マックツイスト,0,冬季五輪,3
2018年平昌五輪のスノーボード女子ビッグエアで4位に入賞した日本人選手は？,鬼塚雅,藤森由香,岩渕麗楽,広野あさみ,2,冬季五輪,4
2014年ソチ五輪の男子スキージャンプ団体で、日本（清水、竹内、伊東、葛西）が獲得したメダルの色は？,金,銀,銅,なし,2,冬季五輪,3
2010年バンクーバー五輪の男子スピードスケート500mで、長島圭一郎が獲得したメダルの色は？,金,銀,銅,なし,1,冬季五輪,3
2006年トリノ五輪のバイアスロン競技が行われた会場は？,セストリエール,バルドネッキア,チェザーナ・サンシカリオ,パラベラ,2,冬季五輪,5
2002年ソルトレークシティ五輪の女子モーグルで、里谷多英が獲得したメダルの色は？,金,銀,銅,なし,2,冬季五輪,2
2022年北京五輪の開会式で、最終聖火ランナーを務めた選手の一人はウイグル族のジニゲル・イラムジャンだったが、もう一人は誰か？,趙嘉文,武大靖,高亭宇,徐夢桃,0,冬季五輪,5
2018年平昌五輪で、アルペンスキーとスノーボードの2競技で金メダルを獲得する史上初の快挙を成し遂げたチェコの選手は？,ミカエラ・シフリン,リンゼイ・ボン,エステル・レデツカ,アンナ・ガッサー,2,冬季五輪,4
2014年ソチ五輪の開会式で、五輪旗を運ぶ旗手として登場した、世界初の女性宇宙飛行士は？,ワレンチナ・テレシコワ,スベトラーナ・サビツカヤ,エレナ・セロワ,サリー・ライド,0,冬季五輪,5
2010年バンクーバー五輪で、日本選手団が獲得したメダル総数は？,3個,5個,7個,10個,1,冬季五輪,4
2006年トリノ五輪の女子スノーボードクロスで7位に入賞した日本人選手は？,三宅陽子,藤森由香,竹内智香,家根谷依里,1,冬季五輪,5
2002年ソルトレークシティ五輪のショートトラック男子500mで、準決勝で失格となり5位だった選手は？,西谷岳文,寺尾悟,植松仁,田村直也,1,冬季五輪,4
2022年北京五輪のスローガンは？,One World One Dream,Passion. Connected.,Together for a Shared Future,Hot. Cool. Yours.,2,冬季五輪,3
2018年平昌五輪のスピードスケート女子チームパシュートで、日本が金メダルを獲得した際の決勝の相手国は？,オランダ,カナダ,アメリカ,ドイツ,0,冬季五輪,3
2014年ソチ五輪のスノーボード女子パラレル大回転で銀メダルを獲得した竹内智香の、この大会までの五輪出場回数は？,初出場,2回目,3回目,4回目,3,冬季五輪,4
2010年バンクーバー五輪のスピードスケート女子チームパシュート決勝で、日本がわずか0.02秒差で敗れた相手国は？,オランダ,ドイツ,カナダ,アメリカ,1,冬季五輪,4
2006年トリノ五輪男子アルペンスキー回転で、4位に入賞した日本人選手は？,皆川賢太郎,湯浅直樹,佐々木明,木村公宣,0,冬季五輪,4
2002年ソルトレークシティ五輪の男子スピードスケート10000mで、4位に入賞した日本人選手は？,清水宏保,白幡圭史,平子裕基,糸川敏彦,1,冬季五輪,5
2022年北京五輪のノルディック複合ラージヒル団体で、日本（渡部暁、山本、渡部善、永井）が獲得したメダルの色は？,金,銀,銅,なし,2,冬季五輪,3
2018年平昌五輪のスキージャンプ男子ラージヒル団体で、日本チームの順位は？,4位,5位,6位,7位,2,冬季五輪,5
2014年ソチ五輪のフィギュアスケート女子シングルで、浅田真央は何位だったか？,4位,5位,6位,7位,2,冬季五輪,3
2010年バンクーバー五輪で、スピードスケート競技会場となった「リッチモンド・オリンピック・オーバル」の特徴は？,天井が木材で作られている,地下にある,完全にガラス張りである,屋外リンクである,0,冬季五輪,5
2006年トリノ五輪の女子カーリング日本代表（チーム青森）の最終順位は？,5位,6位,7位,8位,2,冬季五輪,4
2002年ソルトレークシティ五輪の男子スケルトンで8位入賞した、日本におけるこの競技のパイオニアは？,稲田勝,越和宏,田山真輔,笹原友希,1,冬季五輪,4
2022年北京五輪のカーリング女子決勝で、日本（ロコ・ソラーレ）が対戦し敗れた相手国は？,スウェーデン,カナダ,イギリス,スイス,2,冬季五輪,3
2018年平昌五輪のアイスホッケー女子で、南北合同チームが結成されたが、このチームの監督を務めたセラ・マレーの国籍（出身）は？,アメリカ,カナダ,韓国,スイス,1,冬季五輪,5
2022年北京五輪の開閉会式の総監督を務めた人物は誰か？,チャン・イーモウ,アン・リー,チェン・カイコー,フォン・シャオガン,0,冬季五輪,3
2014年ソチ五輪から採用された、スキーやスノーボードで障害物をクリアしながら滑降する競技は？,ビッグエア,スロープスタイル,パラレル回転,チームパシュート,1,冬季五輪,3
2018年平昌五輪のスピードスケート女子マススタートで金メダルを獲得した選手は？,髙木美帆,佐藤綾乃,髙木菜那,菊池彩花,2,冬季五輪,2
2002年ソルトレークシティ五輪の男子スケルトンで8位入賞を果たした日本人選手は？,稲田勝,越和宏,田山真輔,笹原友希,1,冬季五輪,4
2010年バンクーバー五輪のスピードスケート男子500mで銀メダルを獲得した選手は？,加藤条治,長島圭一郎,及川佑,太田明生,1,冬季五輪,2
2006年トリノ五輪のスピードスケート女子チームパシュートで、日本チーム（田畑、石野、大津、根本、妹尾）は何位だったか？,3位,4位,5位,6位,1,冬季五輪,4
2022年北京五輪のスノーボード男子ハーフパイプで、金メダルを獲得した平野歩夢が決めた超高難度の大技は？,トリプルコーク1440,ダブルコーク1440,バックサイドエア,マックツイスト,0,冬季五輪,3
2018年平昌五輪のカーリング女子日本代表（ロコ・ソラーレ）の愛称として、海外メディアでも報じられた通称ではないものは？,カーリング娘,氷上のチェスプレイヤー,メガネ先輩,スマイルジャパン,3,冬季五輪,2
2014年ソチ五輪のスキージャンプ男子ラージヒル個人で銀メダルを獲得した葛西紀明の当時の年齢は？,38歳,41歳,45歳,48歳,1,冬季五輪,2
2010年バンクーバー五輪のフィギュアスケート女子シングルで、浅田真央が獲得したメダルの色は？,金,銀,銅,なし,1,冬季五輪,1
2002年ソルトレークシティ五輪のフリースタイルスキー女子モーグルで銅メダルを獲得した選手は？,里谷多英,上村愛子,伊藤みき,畑中みゆき,0,冬季五輪,2
2018年平昌五輪のスローガンは？,Hot. Cool. Yours.,Passion. Connected.,One World One Dream,Passion lives here.,1,冬季五輪,3
2022年北京五輪で髙木美帆が獲得したメダルの合計数はいくつか？,2個,3個,4個,5個,2,冬季五輪,2
2014年ソチ五輪のノルディック複合ノーマルヒル個人で銀メダルを獲得した選手は？,渡部暁斗,永井秀昭,加藤大平,湊祐介,0,冬季五輪,3
2006年トリノ五輪の開会式で「誰も寝てはならぬ」を歌った歌手は？,アンドレア・ボチェッリ,プラシド・ドミンゴ,ホセ・カレーラス,ルチアーノ・パヴァロッティ,3,冬季五輪,3
2010年バンクーバー五輪のスピードスケート女子チームパシュートで銀メダルを獲得した日本チームのメンバーに含まれない選手は？,小平奈緒,田畑真紀,穂積雅子,髙木美帆,3,冬季五輪,4
2022年北京五輪のスローガンは？,Together for a Shared Future,Passion. Connected.,Hot. Cool. Yours.,Light the Fire Within.,0,冬季五輪,3
2018年平昌五輪のアイスホッケー女子で話題となった南北合同チームの監督は誰が務めたか？,北朝鮮の監督,韓国の監督,セラ・マレー（カナダ出身）,IOCの指名監督,2,冬季五輪,5
2014年ソチ五輪のテーマ（スローガン）は？,Passion. Connected.,Hot. Cool. Yours.,Light the Fire Within.,Passion lives here.,1,冬季五輪,3
2002年ソルトレークシティ五輪のスピードスケート男子500mで銀メダルを獲得した選手は？,清水宏保,武田豊樹,堀井学,黒岩彰,0,冬季五輪,2
2018年平昌五輪で、日本のメダル獲得総数はいくつか（冬季大会最多）？,10個,11個,13個,15個,2,冬季五輪,3
2022年北京五輪のフィギュアスケート男子シングルで銀メダルを獲得した選手は？,宇野昌磨,鍵山優真,羽生結弦,ネイサン・チェン,1,冬季五輪,2
2006年トリノ五輪のカーリング女子日本代表の最終順位は？,5位,6位,7位,8位,2,冬季五輪,4
2010年バンクーバー五輪のスピードスケート男子500mで銅メダルを獲得した選手は？,長島圭一郎,加藤条治,及川佑,太田明生,1,冬季五輪,3
2014年ソチ五輪のスノーボード男子ハーフパイプで銀メダルを獲得した選手は？,平野歩夢,平岡卓,ショーン・ホワイト,ユーリ・ポドラドチコフ,0,冬季五輪,2
2018年平昌五輪のスピードスケート女子500mで金メダルを獲得した小平奈緒が出した記録は？,世界新記録,五輪新記録,日本新記録,リンク新記録,1,冬季五輪,2
2022年北京五輪のメイン会場「鳥の巣（国家体育場）」の特徴は？,開閉会式のみに使用された,アイスホッケー会場として使用された,フィギュアスケート会場として使用された,スキージャンプ会場として使用された,0,冬季五輪,3
2002年ソルトレークシティ五輪のテーマ（スローガン）は？,Light the Fire Within,Passion lives here,Hot. Cool. Yours.,With Glowing Hearts,0,冬季五輪,3
2010年バンクーバー五輪の開会式の特徴として正しいものは？,史上初めて屋内で行われた,史上初めて夜間以外に行われた,史上初めて無観客で行われた,史上初めて水上で行われた,0,冬季五輪,3
2014年ソチ五輪で、開催国ロシアがドーピング問題により一時多くのメダルを剥奪されたが、その後のスポーツ仲裁裁判所の決定などを経て最終的に剥奪された金メダルの枚数は？,0枚,2枚,4枚,10枚,1,冬季五輪,4
2018年平昌五輪のフィギュアスケート男子シングルで、羽生結弦と宇野昌磨の順位は？,金と銀,金と銅,銀と銅,金と4位,0,冬季五輪,2
2006年トリノ五輪のフリースタイルスキー女子モーグルで5位入賞した選手は？,上村愛子,里谷多英,伊藤みき,畑中みゆき,0,冬季五輪,4
2022年北京五輪に対し、アメリカやイギリスなどが表明した「外交的ボイコット」とは？,選手団を派遣しない,政府代表者を派遣しない,スポンサーを撤退させる,テレビ中継を中止する,1,冬季五輪,2
2002年ソルトレークシティ五輪の開会宣言を行った人物は？,ビル・クリントン,ジョージ・W・ブッシュ,バラク・オバマ,ロナルド・レーガン,1,冬季五輪,3
2014年ソチ五輪のスキージャンプ男子ラージヒル団体で、日本が獲得したメダルの色は？,金,銀,銅,なし,2,冬季五輪,3
2010年バンクーバー五輪のフリースタイルスキー女子モーグルで、上村愛子は何位に入賞したか？,2位,3位,4位,5位,2,冬季五輪,3
2022年北京五輪のフリースタイルスキー男子モーグルで銅メダルを獲得した選手は？,原大智,堀島 行真,杉本幸祐,松田颯,1,冬季五輪,3
2018年平昌五輪のフリースタイルスキー男子モーグルで銅メダルを獲得した選手は？,原大智,遠藤尚,西伸幸,附田雄剛,0,冬季五輪,3
2006年トリノ五輪のスピードスケート男子500mで6位入賞した選手は？,及川佑,加藤条治,清水宏保,長島圭一郎,1,冬季五輪,5
2014年ソチ五輪のスノーボード女子パラレル大回転で銀メダルを獲得した選手は？,竹内智香,家根谷依里,黒田愛美,岩渕麗楽,0,冬季五輪,3
2010年バンクーバー五輪のスピードスケート女子3000mで6位入賞した選手は？,穂積雅子,田畑真紀,石野枝里子,髙木美帆,0,冬季五輪,5
2022年北京五輪のフィギュアスケート女子シングルで銅メダルを獲得した選手は？,樋口新葉,河辺愛菜,坂本花織,宮原知子,2,冬季五輪,2
2002年ソルトレークシティ五輪のスピードスケート女子500mで6位入賞した選手は？,大菅小百合,岡崎朋美,三宮恵利子,渡邊ゆかり,1,冬季五輪,4
2018年平昌五輪のスノーボード女子ビッグエアで4位入賞した選手は？,鬼塚雅,藤森由香,岩渕麗楽,広野あさみ,2,冬季五輪,4
2014年ソチ五輪のフィギュアスケート男子シングルで5位入賞した選手は？,髙橋大輔,町田樹,小塚崇彦,織田信成,1,冬季五輪,4
2006年トリノ五輪のアルペンスキー男子回転で4位入賞した選手は？,皆川賢太郎,佐々木明,湯浅直樹,木村公宣,0,冬季五輪,4
2022年北京五輪のスピードスケート女子チームパシュートで、日本チーム（髙木美、髙木菜、佐藤）は何色のメダルを獲得したか？,金,銀,銅,転倒により失格,1,冬季五輪,2
2010年バンクーバー五輪のフィギュアスケート男子シングルで7位入賞した選手は？,小塚崇彦,織田信成,髙橋大輔,本田武史,1,冬季五輪,4
2018年平昌五輪のカーリング男子日本代表（SC軽井沢クラブ）の最終順位は？,6位,7位,8位,9位,2,冬季五輪,5
夏季・冬季の両方のオリンピックを開催した史上初の都市は？,ロンドン,東京,パリ,北京,3,冬季五輪,2
2002年ソルトレークシティ五輪の開会式で、ブッシュ大統領が開会宣言の直前に付け加えたことで「政治的利用」と批判された言葉は？,神の御加護を,自由の国を代表して,誇り高く優雅なこの国を代表して,テロに屈しない国を代表して,2,冬季五輪,4
2002年ソルトレークシティ五輪の閉会式後、地元メディアから揶揄された大会の呼び名は？,モルモン教の五輪,アメリカのための五輪,厳戒態勢の五輪,疑惑の五輪,1,冬季五輪,4
2006年トリノ五輪の開会式で、日本選手団の入場順が「ドイツ」と「イギリス」の間（32番目）だった理由は？,イタリア語表記でGiapponeだから,前回開催国だったから,メダル獲得予想順だったから,IOCコード順だったから,0,冬季五輪,3
2006年トリノ五輪の開会式で、F1マシンに乗って登場したドライバーは？,ミハエル・シューマッハ,ジャン・アレジ,ルカ・バドエル,キミ・ライコネン,2,冬季五輪,5
2006年トリノ五輪の男子カーリング3位決定戦で発生した珍事は？,停電で試合が中断した,ストリーキング男が乱入した,選手が石を間違えた,屋根から水漏れがした,1,冬季五輪,5
2010年バンクーバー五輪のメダルは、環境への配慮から何を利用して作られたか？,再生ガラス,廃棄された家電製品（電子廃棄物）,リサイクルされたアルミ缶,倒木した木材,1,冬季五輪,4
2010年バンクーバー五輪の公式マスコットではないが、人気が出て「応援団」として位置づけられたキャラクターは？,ミーガ,クワッチ,スーミ,ムクムク,3,冬季五輪,4
2010年バンクーバー五輪の開会式で、聖火点灯時に起きたトラブルは？,聖火がすぐに消えた,4本の柱のうち1本が上がらなかった,点火者が聖火台に届かなかった,聖火台が倒れた,1,冬季五輪,3
2010年バンクーバー五輪は、開会式に関して「五輪史上初」となる特徴があったが、それは何か？,夜間ではなく昼間に行われた,屋内で行われた,無観客で行われた,2カ所で同時に行われた,1,冬季五輪,3
2014年ソチ五輪で、2月15日に金メダルを獲得した選手に授与された「記念メダル」に埋め込まれていたものは？,月の石,チェリャビンスク隕石の破片,バイカル湖の小石,シベリアの永久凍土,1,冬季五輪,4
2014年ソチ五輪の開催費用は、当時の五輪史上最高額と言われたが、その推定額は約いくらか？,約120億ドル,約300億ドル,約510億ドル,約800億ドル,2,冬季五輪,3
2014年ソチ五輪の開会式前、インドの選手団が国旗ではなく五輪旗で入場しなければならなかった理由は？,インド政府がIOCに介入し資格停止中だったため,参加費を支払わなかったため,国旗のデザイン変更中だったため,ドーピング問題による制裁のため,0,冬季五輪,4
2014年ソチ五輪のマスコットの一つ「ホッキョクグマ」の設定上の祖父とされる、有名な五輪マスコットは？,イーグルサム,コビー,ミーシャ,ホドリ,2,冬季五輪,4
2018年平昌五輪の開会式で、極寒の中、上半身裸にココナッツオイルを塗って登場し話題になった旗手はどこの国か？,ジャマイカ,トンガ,バミューダ,フィジー,1,冬季五輪,2
2018年平昌五輪の期間中、組織委員会やWi-Fiシステムに対して行われたサイバー攻撃の回数は約何回とされているか？,約100万回,約5000万回,約1億回,約6億回,3,冬季五輪,5
2018年平昌五輪の開催直前、警備員宿舎で集団発生し、軍人が代行する事態となったトラブルの原因は？,インフルエンザ,ノロウイルス（食中毒）,ストライキ,ボヤ騒ぎ,1,冬季五輪,4
2018年平昌五輪で、アメリカのNBC解説者が開会式中に発言し、韓国国内で激しい批判を浴びて謝罪した内容は？,韓国料理に関する誤った説明,日本の植民地支配が韓国の発展の手本になったという趣旨の発言,北朝鮮との関係に関する政治的発言,韓国の気候に関する侮蔑的発言,1,冬季五輪,5
2018年平昌五輪の公式ウェブサイトで、一時的に「あるもの」が描かれていない世界地図が掲載され、日本政府が抗議した。何がなかったか？,日本列島,沖縄,北海道,竹島,0,冬季五輪,4
2018年平昌五輪で初めて冬季五輪に参加した国に含まれるのは？,マレーシア,タイ,フィリピン,ベトナム,0,冬季五輪,4
2018年平昌五輪女子スノーボードスロープスタイル決勝で、強風のため出場した25人全員に起きたことは？,競技棄権,スタート位置の変更,試技での転倒,得点の取り消し,2,冬季五輪,4
2022年北京五輪の外交的ボイコットを、世界で最初に正式発表した国は？,アメリカ,イギリス,リトアニア,オーストラリア,2,冬季五輪,4
2022年北京五輪に対し、インドが外交的ボイコットを表明した具体的な理由は？,ウイグル問題への抗議,聖火ランナーに中印国境紛争の兵士が起用されたため,選手のビザが発給されなかったため,新型コロナ対策への不満,1,冬季五輪,5
2022年北京五輪のマスコット「ビンドゥンドゥン」に関して、中国のネット上で批判が殺到した「中の人」のハプニングは？,着ぐるみを脱いで顔を見せた,おじさんの声で喋った,転倒して起き上がれなかった,別のマスコットの衣装を着ていた,1,冬季五輪,5
2022年北京五輪の招致活動中、公式ソングが「あるディズニー映画の曲」に酷似していると指摘されたが、その映画は？,モアナと伝説の海,リメンバー・ミー,アナと雪の女王,塔の上のラプンツェル,2,冬季五輪,3
2022年北京五輪の開会式で、韓国国内から「文化盗用」だとして抗議の声が上がった演出は？,キムチを食べるシーン,アリランの演奏,朝鮮族代表の少女がチマチョゴリを着ていたこと,テコンドーの演舞,2,冬季五輪,4
2018年平昌五輪の女子アイスホッケーで結成された「南北合同チーム」に対し、スイスや日本が反対した理由は？,政治的宣伝になるから,北朝鮮への制裁違反になるから,選手の登録人数が増え公平性が損なわれるから,安全が確保できないから,2,冬季五輪,4
2010年バンクーバー五輪の大会スローガン「With Glowing Hearts」は、何の歌詞の一節か？,ビートルズの曲,セリーヌ・ディオンの曲,カナダ国歌,オリンピック賛歌,2,冬季五輪,4
2002年ソルトレークシティ五輪の開会式で、最終聖火ランナーを務めたのは1980年レークプラシッド大会のどのアメリカ代表チームか？,バスケットボール,アイスホッケー,ボブスレー,スピードスケート,1,冬季五輪,4
2018年平昌五輪に参加した国・地域の数はいくつか（当時史上最多）？,88,90,92,95,2,冬季五輪,3
2022年北京五輪の開会式で、最終聖火ランナーを務めた2人のうち、1人はウイグル族の選手だったが、その意図は何と見られているか？,民族融和のアピールと人権批判への反論,ウイグル族の伝統文化の紹介,冬季競技の普及,単なる偶然,0,冬季五輪,4
2014年ソチ五輪のフィギュアスケート種目で、この大会から新しく採用されたものは？,アイスダンス,ペア,団体,シンクロナイズドスケーティング,2,冬季五輪,2
2006年トリノ五輪の閉会式中に乱入した男の目的は？,政治的抗議,イタリア人に挨拶したかっただけ,テロの予告,有名になりたかった,1,冬季五輪,5
2010年バンクーバー五輪のリュージュ競技で、開会式前にグルジアの選手が事故死したことを受け、とられた安全対策は？,競技の中止,コースの短縮（スタート位置を下げる）,ソリの重量制限,コースの壁を撤去,1,冬季五輪,4
2022年北京五輪で、北朝鮮が不参加となった理由は？,新型コロナウイルス対策の入国制限,IOCによる資格停止処分,外交的ボイコット,選手の怪我,1,冬季五輪,3
2018年平昌五輪のボランティアスタッフが、大会直前に大量に辞退・ボイコットした主な理由は？,ユニフォームのデザインが気に入らない,待遇（宿泊・輸送・防寒対策）の劣悪さ,仕事内容の変更,賃金の未払い,1,冬季五輪,3
2002年ソルトレークシティ五輪のショートトラック男子1000mで、韓国の金東聖が失格になったことに対し、韓国のネットユーザーが行った抗議行動は？,IOC本部へのデモ,IOCサーバーへのサイバーテロ（メール攻撃）,米国製品の不買運動,選手村の封鎖,1,冬季五輪,4
2014年ソチ五輪で、当初の予算120億ドルが大幅に増額された主な理由は？,テロ対策費の増大,インフラ（道路・鉄道・発電所）整備の遅れと新規事業,選手の招致費用,開会式の演出変更,1,冬季五輪,4
2022年北京五輪のスノーボード競技会場「ビッグエア首鋼」は、元々何の跡地に建設されたか？,製鉄所,空港,発電所,軍事基地,0,冬季五輪,4
2010年バンクーバー五輪の閉会式で、開会式の聖火トラブルを逆手にとった演出として登場したのは？,消防士,電気工事作業員（ピエロ）,マジシャン,きこり,1,冬季五輪,4
2018年平昌五輪の開会式リハーサルの写真を配信したため、本番の取材パスを剥奪された通信社は？,AP通信,AFP通信,ロイター通信,共同通信,2,冬季五輪,5
2006年トリノ五輪の聖火トーチをデザインしたピニンファリーナ在籍の日本人デザイナーは？,佐藤可士和,奥山清行,吉岡徳仁,隈研吾,1,冬季五輪,4
2022年北京五輪の開会式で、入場行進の際、台湾の選手団の呼称はどのようにアナウンスされたか？,台湾,中華民国,チャイニーズ・タイペイ,フォルモサ,2,冬季五輪,3
2014年ソチ五輪で、スキージャンプなどの競技がナイター開催となった主な理由は？,気温が低すぎるため,雪質を保つため,欧米のテレビ放送時間に合わせるため,照明演出を行うため,2,冬季五輪,4
2018年平昌五輪で、北朝鮮の美女軍団が宿泊し、公演も行った自治体は？,平昌郡,江陵市,麟蹄郡,ソウル特別市,2,冬季五輪,5
2022年北京五輪で、IOCが海外からの観客受け入れを断念し、チケットの一般販売も中止して行った措置は？,完全無観客,招待客のみの観戦（特定グループへの配分）,オンライン観戦のみ,選手家族のみ招待,1,冬季五輪,3
2010年バンクーバー五輪のアイスホッケー会場で、国際ルール（IIHF）よりも狭いリンクが使用された理由は？,会場が狭かったから,NHLサイズの既存リンクを使用したから,スピード感を出すため,建設費削減のため,1,冬季五輪,3
2002年ソルトレークシティ五輪のフィギュアスケート・ペア競技で、不正採点疑惑の末に金メダルが授与されたのは、ロシアのペアともう一組どこの国のペアか？,アメリカ,中国,カナダ,フランス,2,冬季五輪,3
2018年平昌五輪の前夜祭として予定されていたが、北朝鮮側の通告により中止された行事は？,ソウル公演,金剛山文化行事,板門店コンサート,平壌交響楽団公演,1,冬季五輪,5
2014年ソチ五輪閉幕後、ロシアによる大規模なドーピング発覚により、一時は何枚のメダルが剥奪対象とされたか（後に一部返還）？,5枚,9枚,13枚,20枚,2,冬季五輪,4
2022年北京五輪の開会式で、入場行進の最後に登場したのは開催国中国だが、その一つ前に入場した国はどこか（次期開催国）？,フランス,アメリカ,イタリア,オーストラリア,2,冬季五輪,3